<?xml version="1.0" encoding="UTF-8"?>
<!DOCTYPE mapper PUBLIC "-//mybatis.org//DTD Mapper 3.0//EN" "http://mybatis.org/dtd/mybatis-3-mapper.dtd">
<mapper namespace="com.hqyj.mapper.EmployeeContractMapper">

    <!-- 通用查询映射结果 -->
    <resultMap id="BaseResultMap" type="com.hqyj.pojo.EmployeeContract">
        <id column="contract_id" property="contractId" />
        <result column="employee_id" property="employeeId" />
        <result column="start_date" property="startDate" />
        <result column="end_date" property="endDate" />
        <result column="position" property="position" />
        <result column="contract_content" property="contractContent" />
        <result column="remark" property="remark" />
        <result column="is_deleted" property="isDeleted" />
    </resultMap>

    <!-- 通用查询结果列 -->
    <sql id="Base_Column_List">
        contract_id, employee_id, start_date, end_date, position, contract_content, remark, is_deleted
    </sql>

</mapper>
